date,temperature_2m_mean,precipitation_sum,precipitation_hours
2020-03-01,-3.9,0.0,0.0
2020-03-02,-4.8,0.0,0.0
2020-03-03,-2.7,0.1,1.0
2020-03-04,-4.3,0.0,0.0
2020-03-05,-5.5,14.5,17.0
2020-03-06,-9.0,1.6,14.0
2020-03-07,-10.9,1.0,5.0
2020-03-08,-9.1,0.0,0.0
2020-03-09,-10.0,0.0,0.0
2020-03-10,-8.6,0.0,0.0
2020-03-11,-8.3,0.3,3.0
2020-03-12,-5.3,0.0,0.0
2020-03-13,-7.0,0.0,0.0
2020-03-14,-5.1,0.0,0.0
2020-03-15,-4.7,0.0,0.0
2020-03-16,-3.3,0.0,0.0
2020-03-17,-0.1,0.0,0.0
2020-03-18,-1.0,0.0,0.0
2020-03-19,-1.4,0.2,2.0
2020-03-20,0.6,0.0,0.0
2020-03-21,-2.2,10.7,14.0
2020-03-22,-1.7,0.0,0.0
2020-03-23,0.7,3.7,11.0
2020-03-24,-0.1,29.8,18.0
2020-03-25,-1.3,11.8,22.0
2020-03-26,-3.2,2.7,8.0
2020-03-27,-0.8,7.1,12.0
2020-03-28,-3.5,2.2,11.0
2020-03-29,-3.3,0.7,4.0
2020-03-30,-0.9,1.0,7.0
2020-03-31,0.2,1.3,5.0
2020-04-01,-1.3,12.4,19.0
2020-04-02,-3.3,2.2,6.0
2020-04-03,-1.2,0.0,0.0
2020-04-04,-1.0,0.0,0.0
2020-04-05,0.7,3.1,5.0
2020-04-06,0.4,0.0,0.0
2020-04-07,0.7,0.0,0.0
2020-04-08,-1.3,2.9,10.0
2020-04-09,-8.3,2.3,6.0
2020-04-10,1.4,0.2,2.0
2020-04-11,2.5,3.2,12.0
2020-04-12,4.4,2.0,7.0
2020-04-13,2.2,15.1,17.0
2020-04-14,0.2,10.6,23.0
2020-04-15,-1.3,10.7,11.0
2020-04-16,0.2,0.2,2.0
2020-04-17,-0.2,1.2,5.0
2020-04-18,1.1,0.0,0.0
2020-04-19,1.4,0.6,4.0
2020-04-20,2.1,2.2,8.0
2020-04-21,2.0,1.1,5.0
2020-04-22,3.0,0.1,1.0
2020-04-23,4.6,0.0,0.0
2020-04-24,4.7,0.0,0.0
2020-04-25,3.8,0.7,2.0
2020-04-26,5.5,0.0,0.0
2020-04-27,5.3,0.0,0.0
2020-04-28,5.2,10.9,10.0
2020-04-29,4.5,22.8,15.0
2020-04-30,2.9,2.6,5.0
2020-05-01,5.2,8.9,11.0
2020-05-02,4.0,0.0,0.0
2020-05-03,1.4,3.3,7.0
2020-05-04,5.3,0.0,0.0
2020-05-05,2.1,11.1,17.0
2020-05-06,1.7,2.6,10.0
2020-05-07,4.3,0.5,2.0
2020-05-08,4.3,6.1,9.0
2020-05-09,3.2,5.2,10.0
2020-05-10,2.6,0.6,5.0
2020-05-11,5.4,0.0,0.0
2020-05-12,5.0,0.2,2.0
2020-05-13,5.4,1.1,4.0
2020-05-14,2.7,21.1,13.0
2020-05-15,2.6,1.1,4.0
2020-05-16,2.0,10.0,16.0
2020-05-17,2.3,1.2,5.0
2020-05-18,2.4,17.9,19.0
2020-05-19,1.8,0.1,1.0
2020-05-20,1.8,0.5,3.0
2020-05-21,3.1,2.5,5.0
2020-05-22,4.0,0.0,0.0
2020-05-23,5.2,0.0,0.0
2020-05-24,7.6,0.0,0.0
2020-05-25,6.2,0.0,0.0
2020-05-26,7.4,0.0,0.0
2020-05-27,9.4,0.4,1.0
2020-05-28,6.8,7.2,9.0
2020-05-29,5.5,13.9,18.0
2020-05-30,5.1,1.6,6.0
2020-05-31,6.8,3.9,5.0
2020-06-01,7.3,2.4,7.0
2020-06-02,6.8,8.8,11.0
2020-06-03,7.3,6.2,8.0
2020-06-04,7.7,6.7,16.0
2020-06-05,6.8,29.5,23.0
2020-06-06,6.1,14.8,11.0
2020-06-07,7.4,11.2,15.0
2020-06-08,3.9,11.7,15.0
2020-06-09,5.8,5.1,10.0
2020-06-10,4.1,6.5,18.0
2020-06-11,4.5,2.6,15.0
2020-06-12,5.0,4.7,4.0
2020-06-13,6.6,1.7,2.0
2020-06-14,9.0,0.2,1.0
2020-06-15,6.9,4.9,6.0
2020-06-16,7.6,7.5,12.0
2020-06-17,5.0,7.9,12.0
2020-06-18,4.1,4.2,17.0
2020-06-19,7.4,1.6,7.0
2020-06-20,6.5,2.3,7.0
2020-06-21,9.0,0.0,0.0
2020-06-22,12.0,1.0,6.0
2020-06-23,8.2,6.3,17.0
2020-06-24,6.0,5.8,9.0
2020-06-25,9.5,2.7,6.0
2020-06-26,7.2,5.4,16.0
2020-06-27,2.9,31.1,22.0
2020-06-28,-0.1,0.4,3.0
2020-06-29,7.3,0.0,0.0
2020-06-30,8.4,7.4,17.0
2020-07-01,8.2,2.3,7.0
2020-07-02,8.1,7.1,14.0
2020-07-03,8.7,0.1,1.0
2020-07-04,8.4,0.9,3.0
2020-07-05,7.2,5.1,10.0
2020-07-06,5.7,3.0,7.0
2020-07-07,10.5,0.0,0.0
2020-07-08,11.9,4.8,9.0
2020-07-09,8.3,11.4,18.0
2020-07-10,8.3,21.3,22.0
2020-07-11,8.0,1.8,7.0
2020-07-12,10.2,0.5,3.0
2020-07-13,10.0,7.1,15.0
2020-07-14,9.4,9.5,13.0
2020-07-15,9.9,2.3,7.0
2020-07-16,10.0,2.3,5.0
2020-07-17,11.2,2.7,7.0
2020-07-18,9.8,14.4,19.0
2020-07-19,9.8,3.5,12.0
2020-07-20,8.8,10.2,20.0
2020-07-21,7.2,14.4,14.0
2020-07-22,9.3,0.5,3.0
2020-07-23,11.5,0.0,0.0
2020-07-24,10.4,0.6,4.0
2020-07-25,12.3,0.9,5.0
2020-07-26,11.7,14.6,20.0
2020-07-27,8.9,6.1,10.0
2020-07-28,9.5,8.5,16.0
2020-07-29,8.4,9.3,10.0
2020-07-30,12.7,0.0,0.0
2020-07-31,10.3,5.7,9.0
2020-08-01,10.6,8.4,16.0
2020-08-02,8.6,9.4,20.0
2020-08-03,9.6,0.6,5.0
2020-08-04,10.6,2.0,7.0
2020-08-05,10.2,0.6,6.0
2020-08-06,13.0,0.0,0.0
2020-08-07,12.4,0.9,5.0
2020-08-08,12.9,2.4,8.0
2020-08-09,8.9,13.4,17.0
2020-08-10,10.2,6.7,17.0
2020-08-11,10.0,7.4,13.0
2020-08-12,10.1,1.1,6.0
2020-08-13,8.8,2.6,7.0
2020-08-14,8.9,1.2,7.0
2020-08-15,10.3,0.6,4.0
2020-08-16,11.8,2.6,7.0
2020-08-17,11.7,13.3,17.0
2020-08-18,8.2,16.6,18.0
2020-08-19,8.5,1.2,6.0
2020-08-20,7.3,8.0,15.0
2020-08-21,7.5,0.6,5.0
2020-08-22,10.8,0.0,0.0
2020-08-23,11.6,0.0,0.0
2020-08-24,13.5,0.0,0.0
2020-08-25,10.9,2.1,3.0
2020-08-26,8.2,19.4,22.0
2020-08-27,4.3,2.4,8.0
2020-08-28,7.6,0.0,0.0
2020-08-29,9.0,4.2,13.0
2020-08-30,8.0,0.5,5.0
2020-08-31,8.7,13.1,13.0
2020-09-01,8.1,0.2,2.0
2020-09-02,10.4,13.9,17.0
2020-09-03,5.4,6.9,16.0
2020-09-04,6.5,0.0,0.0
2020-09-05,8.6,1.1,5.0
2020-09-06,6.6,4.0,12.0
2020-09-07,6.2,0.8,4.0
2020-09-08,8.0,0.7,3.0
2020-09-09,7.9,0.0,0.0
2020-09-10,6.6,0.4,3.0
2020-09-11,7.3,1.4,6.0
2020-09-12,5.8,1.5,6.0
2020-09-13,7.2,0.0,0.0
2020-09-14,6.7,1.2,6.0
2020-09-15,4.7,0.3,2.0
2020-09-16,7.3,1.0,3.0
2020-09-17,4.9,5.3,13.0
2020-09-18,2.2,10.9,16.0
2020-09-19,-1.0,3.6,9.0
2020-09-20,3.3,0.0,0.0
2020-09-21,5.4,0.0,0.0
2020-09-22,4.2,0.6,4.0
2020-09-23,3.6,0.7,5.0
2020-09-24,4.4,0.0,0.0
2020-09-25,4.7,0.0,0.0
2020-09-26,4.1,0.6,2.0
2020-09-27,2.4,2.0,7.0
2020-09-28,2.6,0.2,2.0
2020-09-29,1.9,0.0,0.0
2020-09-30,-0.2,4.0,13.0
2020-10-01,0.8,1.0,7.0
2020-10-02,-0.1,4.2,15.0
2020-10-03,-0.5,2.8,7.0
2020-10-04,0.5,0.5,3.0
2020-10-05,0.9,0.8,5.0
2020-10-06,-2.5,4.8,18.0
2020-10-07,-1.0,3.4,10.0
2020-10-08,-1.2,14.0,24.0
2020-10-09,-3.6,7.5,23.0
2020-10-10,-2.4,4.5,19.0
2020-10-11,-2.0,0.2,1.0
2020-10-12,-6.4,0.0,0.0
2020-10-13,-4.0,0.0,0.0
2020-10-14,-4.4,0.0,0.0
2020-10-15,-4.0,0.0,0.0
2020-10-16,-3.7,0.0,0.0
2020-10-17,-1.9,0.0,0.0
2020-10-18,-3.4,0.0,0.0
2020-10-19,-2.4,0.0,0.0
2020-10-20,-4.1,0.0,0.0
2020-10-21,-1.0,0.0,0.0
2020-10-22,-1.5,0.9,9.0
2020-10-23,-5.0,10.5,15.0
2020-10-24,-5.7,0.0,0.0
2020-10-25,-7.0,0.0,0.0
2020-10-26,-4.3,0.0,0.0
2020-10-27,0.2,1.4,5.0
2020-10-28,-5.6,9.4,21.0
2020-10-29,-12.5,0.0,0.0
2020-10-30,-11.0,0.0,0.0
2020-10-31,-8.5,0.0,0.0
2020-11-01,-4.2,0.0,0.0
2020-11-02,-2.6,0.0,0.0
2020-11-03,-3.4,0.0,0.0
2020-11-04,-9.2,0.0,0.0
2020-11-05,-8.9,0.0,0.0
2020-11-06,-6.6,0.0,0.0
2020-11-07,-3.7,0.0,0.0
2020-11-08,-0.1,1.4,3.0
2020-11-09,-5.2,4.5,12.0
2020-11-10,-4.5,0.0,0.0
2020-11-11,-1.0,0.3,1.0
2020-11-12,-3.3,10.7,19.0
2020-11-13,-4.9,3.3,16.0
2020-11-14,-8.9,3.7,23.0
2020-11-15,-11.4,0.0,0.0
2020-11-16,-11.7,0.0,0.0
2020-11-17,-10.0,0.5,5.0
2020-11-18,-11.8,3.2,22.0
2020-11-19,-17.7,0.4,4.0
2020-11-20,-14.5,0.0,0.0
2020-11-21,-14.5,0.0,0.0
2020-11-22,-14.1,2.6,16.0
2020-11-23,-13.6,0.0,0.0
2020-11-24,-11.8,0.0,0.0
2020-11-25,-11.2,2.2,6.0
2020-11-26,-7.8,0.7,7.0
2020-11-27,-4.5,2.7,3.0
2020-11-28,-10.9,8.3,9.0
2020-11-29,-8.4,0.0,0.0
2020-11-30,-9.4,0.8,3.0
2020-12-01,-5.7,5.2,19.0
2020-12-02,-3.6,5.0,18.0
2020-12-03,-4.8,13.1,24.0
2020-12-04,-8.6,13.3,24.0
2020-12-05,-12.5,0.8,5.0
2020-12-06,-12.3,0.0,0.0
2020-12-07,-12.1,2.2,10.0
2020-12-08,-12.0,0.0,0.0
2020-12-09,-10.6,0.0,0.0
2020-12-10,-11.4,0.0,0.0
2020-12-11,-11.6,0.0,0.0
2020-12-12,-13.2,0.0,0.0
2020-12-13,-15.1,0.0,0.0
2020-12-14,-16.5,0.0,0.0
2020-12-15,-15.7,0.0,0.0
2020-12-16,-16.5,0.0,0.0
2020-12-17,-16.8,0.0,0.0
2020-12-18,-19.1,0.0,0.0
2020-12-19,-11.7,2.2,6.0
2020-12-20,-9.1,6.4,24.0
2020-12-21,-12.9,0.1,1.0
2020-12-22,-12.4,0.0,0.0
2020-12-23,-11.9,0.0,0.0
2020-12-24,-12.0,0.0,0.0
2020-12-25,-9.9,0.2,2.0
2020-12-26,-10.6,1.4,12.0
2020-12-27,-14.9,0.8,5.0
2020-12-28,-14.4,0.0,0.0
2020-12-29,-15.8,0.0,0.0
2020-12-30,-12.8,0.0,0.0
2020-12-31,-12.0,0.0,0.0
2021-01-01,-13.3,0.0,0.0
2021-01-02,-10.0,0.0,0.0
2021-01-03,-12.0,0.0,0.0
2021-01-04,-15.1,0.0,0.0
2021-01-05,-11.0,0.0,0.0
2021-01-06,-12.3,0.9,6.0
2021-01-07,-15.3,1.8,17.0
2021-01-08,-17.3,0.0,0.0
2021-01-09,-18.4,0.0,0.0
2021-01-10,-17.8,0.0,0.0
2021-01-11,-13.0,0.0,0.0
2021-01-12,-7.4,1.0,5.0
2021-01-13,-8.3,11.9,24.0
2021-01-14,-8.3,0.1,1.0
2021-01-15,-8.1,0.0,0.0
2021-01-16,-10.5,0.0,0.0
2021-01-17,-9.6,0.0,0.0
2021-01-18,-6.2,0.4,3.0
2021-01-19,-7.8,9.8,15.0
2021-01-20,-11.0,0.0,0.0
2021-01-21,-8.4,4.9,3.0
2021-01-22,-18.2,7.9,19.0
2021-01-23,-17.1,6.7,16.0
2021-01-24,-16.0,0.6,4.0
2021-01-25,-11.4,0.0,0.0
2021-01-26,-14.4,0.0,0.0
2021-01-27,-16.6,0.0,0.0
2021-01-28,-15.9,0.0,0.0
2021-01-29,-15.0,0.0,0.0
2021-01-30,-13.9,0.0,0.0
2021-01-31,-8.7,0.0,0.0
2021-02-01,-9.9,0.0,0.0
2021-02-02,-10.5,0.0,0.0
2021-02-03,-12.7,0.0,0.0
2021-02-04,-11.3,0.0,0.0
2021-02-05,-8.1,0.0,0.0
2021-02-06,-5.4,1.4,8.0
2021-02-07,-3.7,4.0,12.0
2021-02-08,-3.7,33.7,23.0
2021-02-09,-5.0,3.2,19.0
2021-02-10,-3.5,17.0,24.0
2021-02-11,-6.6,3.7,12.0
2021-02-12,-5.0,0.0,0.0
2021-02-13,-6.1,9.7,14.0
2021-02-14,-6.7,0.3,3.0
2021-02-15,-9.4,0.0,0.0
2021-02-16,-7.9,0.0,0.0
2021-02-17,-7.1,0.0,0.0
2021-02-18,-7.2,0.0,0.0
2021-02-19,-3.1,1.4,9.0
2021-02-20,-4.9,5.0,17.0
2021-02-21,-5.8,8.8,23.0
2021-02-22,-7.0,1.6,11.0
2021-02-23,-7.7,1.4,5.0
2021-02-24,-11.8,7.7,16.0
2021-02-25,-19.9,2.2,14.0
2021-02-26,-15.2,0.0,0.0
2021-02-27,-15.7,0.8,8.0
2021-02-28,-10.6,0.0,0.0
2021-03-01,-7.3,0.0,0.0
2021-03-02,-6.5,6.7,16.0
2021-03-03,-7.4,9.9,18.0
2021-03-04,-5.8,33.5,21.0
2021-03-05,-8.6,0.2,1.0
2021-03-06,-3.0,2.1,12.0
2021-03-07,-6.6,2.4,9.0
2021-03-08,-5.6,0.5,4.0
2021-03-09,-3.7,1.4,6.0
2021-03-10,-4.0,7.1,18.0
2021-03-11,-7.9,4.8,7.0
2021-03-12,-2.0,0.0,0.0
2021-03-13,-0.2,1.9,4.0
2021-03-14,-8.4,2.3,15.0
2021-03-15,-7.2,1.9,10.0
2021-03-16,-7.0,3.8,9.0
2021-03-17,-8.5,8.6,17.0
2021-03-18,-7.0,0.0,0.0
2021-03-19,-4.2,0.3,2.0
2021-03-20,-3.1,0.0,0.0
2021-03-21,-7.3,1.3,6.0
2021-03-22,-1.8,0.0,0.0
2021-03-23,-2.6,1.8,7.0
2021-03-24,-1.3,0.1,1.0
2021-03-25,1.1,5.6,11.0
2021-03-26,-0.5,16.0,21.0
2021-03-27,0.8,18.9,21.0
2021-03-28,-2.3,31.0,24.0
2021-03-29,-6.6,11.8,24.0
2021-03-30,-9.7,3.9,9.0
2021-03-31,-7.8,17.2,20.0
2021-04-01,-12.0,7.9,9.0
2021-04-02,-11.2,0.0,0.0
2021-04-03,-5.1,0.6,2.0
2021-04-04,-3.2,15.0,22.0
2021-04-05,-5.8,0.0,0.0
2021-04-06,-3.1,1.1,7.0
2021-04-07,-5.4,4.8,9.0
2021-04-08,-4.4,0.3,3.0
2021-04-09,-4.3,0.0,0.0
2021-04-10,-0.2,0.3,3.0
2021-04-11,-1.7,0.0,0.0
2021-04-12,0.2,1.1,3.0
2021-04-13,-0.5,4.4,9.0
2021-04-14,2.7,0.0,0.0
2021-04-15,2.5,0.8,4.0
2021-04-16,0.9,1.2,4.0
2021-04-17,1.5,1.3,7.0
2021-04-18,-0.7,11.8,18.0
2021-04-19,1.6,0.0,0.0
2021-04-20,-1.1,21.2,16.0
2021-04-21,-3.8,32.8,18.0
2021-04-22,-4.9,0.4,3.0
2021-04-23,-2.8,0.0,0.0
2021-04-24,0.8,0.0,0.0
2021-04-25,2.5,0.2,2.0
2021-04-26,2.3,0.0,0.0
2021-04-27,3.7,0.0,0.0
2021-04-28,4.6,0.0,0.0
2021-04-29,5.7,0.0,0.0
2021-04-30,5.9,8.0,12.0
2021-05-01,4.2,12.3,16.0
2021-05-02,5.3,0.1,1.0
2021-05-03,6.0,0.0,0.0
2021-05-04,5.0,0.0,0.0
2021-05-05,5.2,0.0,0.0
2021-05-06,4.9,0.5,5.0
2021-05-07,4.1,0.4,3.0
2021-05-08,4.0,1.3,6.0
2021-05-09,4.6,0.4,4.0
2021-05-10,4.9,14.0,13.0
2021-05-11,1.9,16.8,18.0
2021-05-12,1.9,1.8,7.0
2021-05-13,2.4,2.1,7.0
2021-05-14,1.1,13.1,13.0
2021-05-15,3.1,1.3,5.0
2021-05-16,2.7,0.2,2.0
2021-05-17,3.7,0.0,0.0
2021-05-18,4.7,2.0,8.0
2021-05-19,3.1,4.4,15.0
2021-05-20,3.1,6.8,21.0
2021-05-21,2.1,1.6,6.0
2021-05-22,5.0,0.2,2.0
2021-05-23,4.8,0.1,1.0
2021-05-24,4.6,0.0,0.0
2021-05-25,5.2,0.0,0.0
2021-05-26,4.1,0.5,2.0
2021-05-27,4.4,1.6,7.0
2021-05-28,6.9,0.0,0.0
2021-05-29,7.1,3.2,8.0
2021-05-30,5.6,4.7,17.0
2021-05-31,7.0,2.7,6.0
2021-06-01,6.7,2.7,7.0
2021-06-02,7.3,2.1,7.0
2021-06-03,8.2,6.6,13.0
2021-06-04,9.0,1.1,4.0
2021-06-05,9.7,0.5,2.0
2021-06-06,9.2,4.2,14.0
2021-06-07,10.3,9.3,15.0
2021-06-08,6.7,15.9,15.0
2021-06-09,7.4,20.1,22.0
2021-06-10,6.5,2.8,14.0
2021-06-11,6.9,5.9,13.0
2021-06-12,6.0,15.1,23.0
2021-06-13,4.9,19.3,22.0
2021-06-14,4.9,4.0,13.0
2021-06-15,4.2,5.2,9.0
2021-06-16,4.9,3.0,14.0
2021-06-17,5.6,3.2,7.0
2021-06-18,6.2,1.9,10.0
2021-06-19,7.0,9.8,15.0
2021-06-20,6.9,5.0,9.0
2021-06-21,8.2,0.4,3.0
2021-06-22,8.2,1.4,8.0
2021-06-23,8.3,0.0,0.0
2021-06-24,8.9,1.3,5.0
2021-06-25,7.8,6.6,19.0
2021-06-26,9.0,0.1,1.0
2021-06-27,10.5,0.0,0.0
2021-06-28,10.1,0.2,1.0
2021-06-29,10.4,3.0,3.0
2021-06-30,10.2,3.8,2.0
2021-07-01,9.2,5.5,8.0
2021-07-02,8.9,8.2,12.0
2021-07-03,11.2,0.1,1.0
2021-07-04,11.9,0.5,2.0
2021-07-05,11.5,0.7,2.0
2021-07-06,11.0,3.5,5.0
2021-07-07,11.1,6.3,5.0
2021-07-08,13.8,0.5,4.0
2021-07-09,15.7,0.5,2.0
2021-07-10,11.2,8.3,12.0
2021-07-11,10.3,16.2,18.0
2021-07-12,8.8,13.8,17.0
2021-07-13,8.3,4.8,16.0
2021-07-14,9.4,2.9,7.0
2021-07-15,10.7,1.5,5.0
2021-07-16,8.7,9.6,19.0
2021-07-17,9.8,10.3,14.0
2021-07-18,9.4,11.9,12.0
2021-07-19,10.3,0.4,4.0
2021-07-20,9.0,10.4,9.0
2021-07-21,8.0,10.0,12.0
2021-07-22,10.0,0.2,2.0
2021-07-23,11.9,0.0,0.0
2021-07-24,13.8,0.1,1.0
2021-07-25,15.0,0.0,0.0
2021-07-26,15.5,0.0,0.0
2021-07-27,15.2,0.2,2.0
2021-07-28,13.9,1.3,6.0
2021-07-29,13.1,0.1,1.0
2021-07-30,11.1,0.2,2.0
2021-07-31,12.3,0.0,0.0
2021-08-01,11.0,7.8,20.0
2021-08-02,8.7,6.1,8.0
2021-08-03,10.7,1.9,4.0
2021-08-04,10.5,0.5,2.0
2021-08-05,9.1,6.0,8.0
2021-08-06,8.8,7.8,11.0
2021-08-07,10.0,2.4,6.0
2021-08-08,10.8,0.4,3.0
2021-08-09,11.6,0.2,2.0
2021-08-10,11.1,0.0,0.0
2021-08-11,12.8,0.3,1.0
2021-08-12,11.3,0.8,5.0
2021-08-13,8.7,10.9,16.0
2021-08-14,6.2,4.7,17.0
2021-08-15,4.8,6.3,17.0
2021-08-16,6.8,0.1,1.0
2021-08-17,8.7,0.0,0.0
2021-08-18,10.2,0.0,0.0
2021-08-19,11.1,3.4,8.0
2021-08-20,9.1,0.7,1.0
2021-08-21,11.7,0.6,4.0
2021-08-22,11.3,0.6,4.0
2021-08-23,11.2,1.4,6.0
2021-08-24,9.5,3.1,9.0
2021-08-25,9.1,1.1,6.0
2021-08-26,10.3,0.6,5.0
2021-08-27,8.4,2.5,10.0
2021-08-28,7.9,3.4,11.0
2021-08-29,7.4,2.7,9.0
2021-08-30,7.7,0.8,8.0
2021-08-31,8.1,6.1,14.0
2021-09-01,5.9,0.5,5.0
2021-09-02,8.4,0.8,4.0
2021-09-03,9.4,0.3,3.0
2021-09-04,9.3,0.0,0.0
2021-09-05,11.5,0.0,0.0
2021-09-06,11.2,0.0,0.0
2021-09-07,12.5,0.1,1.0
2021-09-08,10.6,0.0,0.0
2021-09-09,9.4,0.0,0.0
2021-09-10,6.8,4.1,12.0
2021-09-11,7.2,2.9,15.0
2021-09-12,4.7,3.8,6.0
2021-09-13,7.2,0.0,0.0
2021-09-14,9.1,1.0,2.0
2021-09-15,9.1,0.0,0.0
2021-09-16,7.2,1.1,3.0
2021-09-17,8.8,0.0,0.0
2021-09-18,11.0,0.0,0.0
2021-09-19,9.1,0.0,0.0
2021-09-20,8.2,0.0,0.0
2021-09-21,7.1,0.0,0.0
2021-09-22,6.2,0.5,2.0
2021-09-23,7.5,0.0,0.0
2021-09-24,6.7,0.0,0.0
2021-09-25,8.6,0.0,0.0
2021-09-26,9.6,0.0,0.0
2021-09-27,6.4,0.0,0.0
2021-09-28,8.2,0.0,0.0
2021-09-29,7.3,0.0,0.0
2021-09-30,7.4,3.0,9.0
2021-10-01,3.8,9.8,21.0
2021-10-02,-0.6,20.8,24.0
2021-10-03,-0.5,15.4,18.0
2021-10-04,-5.2,0.0,0.0
2021-10-05,-0.1,13.4,13.0
2021-10-06,-1.1,20.8,22.0
2021-10-07,-0.4,7.7,15.0
2021-10-08,0.7,0.0,0.0
2021-10-09,-3.2,0.0,0.0
2021-10-10,-5.2,4.0,19.0
2021-10-11,-5.1,0.0,0.0
2021-10-12,-6.8,0.0,0.0
2021-10-13,-2.8,0.0,0.0
2021-10-14,-5.0,0.0,0.0
2021-10-15,-3.7,0.0,0.0
2021-10-16,-2.7,0.0,0.0
2021-10-17,1.0,0.0,0.0
2021-10-18,2.4,0.0,0.0
2021-10-19,0.8,0.0,0.0
2021-10-20,1.3,1.5,7.0
2021-10-21,-0.7,15.3,20.0
2021-10-22,-8.0,3.0,12.0
2021-10-23,-9.4,0.0,0.0
2021-10-24,-5.7,0.0,0.0
2021-10-25,-6.4,0.0,0.0
2021-10-26,-3.4,0.0,0.0
2021-10-27,-1.9,0.0,0.0
2021-10-28,-2.6,1.4,10.0
2021-10-29,-5.7,4.7,11.0
2021-10-30,-5.1,0.1,1.0
2021-10-31,-6.9,2.8,10.0
2021-11-01,-9.1,0.0,0.0
2021-11-02,-4.8,0.0,0.0
2021-11-03,-4.4,33.1,16.0
2021-11-04,-7.6,25.4,19.0
2021-11-05,-10.7,0.0,0.0
2021-11-06,-13.4,0.0,0.0
2021-11-07,-12.6,0.0,0.0
2021-11-08,-6.1,0.0,0.0
2021-11-09,-5.2,2.6,8.0
2021-11-10,-4.2,0.0,0.0
2021-11-11,-5.9,0.0,0.0
2021-11-12,-8.0,0.0,0.0
2021-11-13,-6.3,0.0,0.0
2021-11-14,-6.8,22.1,14.0
2021-11-15,-11.1,3.2,5.0
2021-11-16,-7.6,0.0,0.0
2021-11-17,-12.3,10.6,17.0
2021-11-18,-9.8,1.2,5.0
2021-11-19,-15.3,0.0,0.0
2021-11-20,-12.9,0.0,0.0
2021-11-21,-7.7,0.0,0.0
2021-11-22,-9.3,0.0,0.0
2021-11-23,-9.5,0.0,0.0
2021-11-24,-6.9,0.0,0.0
2021-11-25,-4.7,10.6,8.0
2021-11-26,-7.8,30.9,17.0
2021-11-27,-11.0,0.0,0.0
2021-11-28,-11.2,0.0,0.0
2021-11-29,-11.9,0.0,0.0
2021-11-30,-9.8,0.0,0.0
2021-12-01,-10.8,0.0,0.0
2021-12-02,-9.2,0.0,0.0
2021-12-03,-4.8,0.0,0.0
2021-12-04,-8.2,0.0,0.0
2021-12-05,-6.4,0.1,1.0
2021-12-06,-9.3,0.0,0.0
2021-12-07,-7.5,3.3,17.0
2021-12-08,-10.8,3.6,10.0
2021-12-09,-11.6,0.0,0.0
2021-12-10,-11.4,0.0,0.0
2021-12-11,-8.6,0.0,0.0
2021-12-12,-11.2,0.0,0.0
2021-12-13,-11.2,0.9,8.0
2021-12-14,-14.1,0.3,3.0
2021-12-15,-16.9,0.0,0.0
2021-12-16,-16.1,0.0,0.0
2021-12-17,-16.3,0.0,0.0
2021-12-18,-11.8,0.0,0.0
2021-12-19,-6.4,1.1,5.0
2021-12-20,-12.1,0.9,3.0
2021-12-21,-9.8,0.0,0.0
2021-12-22,-8.3,1.2,5.0
2021-12-23,-9.6,0.8,8.0
2021-12-24,-10.8,0.0,0.0
2021-12-25,-10.8,1.0,4.0
2021-12-26,-11.9,0.6,4.0
2021-12-27,-14.1,0.9,9.0
2021-12-28,-15.9,0.0,0.0
2021-12-29,-15.8,0.0,0.0
2021-12-30,-11.8,0.0,0.0
2021-12-31,-11.2,0.4,4.0
2022-01-01,-8.9,4.3,15.0
2022-01-02,-9.5,0.5,1.0
2022-01-03,-6.3,1.5,11.0
2022-01-04,-8.3,3.2,15.0
2022-01-05,-8.6,0.1,1.0
2022-01-06,-7.7,0.0,0.0
2022-01-07,-12.6,0.0,0.0
2022-01-08,-10.3,0.0,0.0
2022-01-09,-12.6,0.0,0.0
2022-01-10,-10.5,0.0,0.0
2022-01-11,-12.4,0.0,0.0
2022-01-12,-11.2,0.0,0.0
2022-01-13,-11.0,1.8,14.0
2022-01-14,-10.3,0.0,0.0
2022-01-15,-7.2,0.0,0.0
2022-01-16,-6.9,0.0,0.0
2022-01-17,-5.9,0.9,8.0
2022-01-18,-6.0,1.2,7.0
2022-01-19,-9.0,2.7,16.0
2022-01-20,-12.4,0.0,0.0
2022-01-21,-9.7,0.0,0.0
2022-01-22,-12.4,0.0,0.0
2022-01-23,-14.1,0.4,4.0
2022-01-24,-13.2,0.0,0.0
2022-01-25,-11.7,2.0,11.0
2022-01-26,-15.7,0.6,5.0
2022-01-27,-15.9,0.0,0.0
2022-01-28,-8.6,2.8,8.0
2022-01-29,-14.0,2.5,5.0
2022-01-30,-10.6,0.0,0.0
2022-01-31,-10.1,0.0,0.0
2022-02-01,-13.6,0.0,0.0
2022-02-02,-10.7,9.4,17.0
2022-02-03,-15.2,2.9,9.0
2022-02-04,-16.3,0.0,0.0
2022-02-05,-12.6,0.0,0.0
2022-02-06,-10.0,7.2,21.0
2022-02-07,-11.4,0.0,0.0
2022-02-08,-10.3,0.6,6.0
2022-02-09,-11.6,5.6,16.0
2022-02-10,-10.6,0.2,2.0
2022-02-11,-7.1,3.9,14.0
2022-02-12,-7.6,24.9,24.0
2022-02-13,-10.1,3.0,9.0
2022-02-14,-9.8,23.2,24.0
2022-02-15,-12.1,0.4,4.0
2022-02-16,-13.2,0.1,1.0
2022-02-17,-13.5,0.0,0.0
2022-02-18,-14.0,0.0,0.0
2022-02-19,-10.6,0.0,0.0
2022-02-20,-12.1,0.3,3.0
2022-02-21,-10.0,0.0,0.0
2022-02-22,-7.6,0.0,0.0
2022-02-23,-7.5,0.1,1.0
2022-02-24,-6.1,2.9,15.0
2022-02-25,-6.4,4.9,21.0
2022-02-26,-8.5,0.7,5.0
2022-02-27,-5.7,0.0,0.0
2022-02-28,-5.5,1.0,7.0
2022-03-01,-7.1,7.0,12.0
2022-03-02,-9.4,0.5,3.0
2022-03-03,-6.1,0.0,0.0
2022-03-04,-4.2,0.2,2.0
2022-03-05,-2.2,1.4,8.0
2022-03-06,-3.0,4.8,7.0
2022-03-07,-3.9,4.3,13.0
2022-03-08,-1.6,3.1,11.0
2022-03-09,-2.0,15.0,12.0
2022-03-10,-1.0,1.8,2.0
2022-03-11,0.0,19.1,23.0
2022-03-12,-0.3,29.5,20.0
2022-03-13,0.0,24.6,21.0
2022-03-14,0.9,7.3,16.0
2022-03-15,-0.8,26.8,19.0
2022-03-16,1.2,15.0,18.0
2022-03-17,1.7,16.2,12.0
2022-03-18,-4.4,3.0,10.0
2022-03-19,-5.8,1.6,6.0
2022-03-20,-5.7,1.8,9.0
2022-03-21,-4.2,13.7,18.0
2022-03-22,-1.4,21.6,16.0
2022-03-23,-5.2,47.2,24.0
2022-03-24,-4.8,3.0,11.0
2022-03-25,-2.1,4.6,4.0
2022-03-26,0.7,20.8,13.0
2022-03-27,-6.4,4.3,12.0
2022-03-28,-5.4,0.8,3.0
2022-03-29,-9.1,21.5,11.0
2022-03-30,-4.6,0.0,0.0
2022-03-31,-3.2,0.0,0.0
2022-04-01,-2.7,0.0,0.0
2022-04-02,-1.8,0.1,1.0
2022-04-03,0.8,0.0,0.0
2022-04-04,0.3,0.0,0.0
2022-04-05,2.7,0.0,0.0
2022-04-06,4.0,0.0,0.0
2022-04-07,5.3,0.0,0.0
2022-04-08,4.8,0.4,1.0
2022-04-09,2.8,16.9,13.0
2022-04-10,4.1,0.0,0.0
2022-04-11,7.1,1.4,3.0
2022-04-12,3.7,1.0,5.0
2022-04-13,3.7,18.1,11.0
2022-04-14,2.1,1.1,6.0
2022-04-15,2.7,0.0,0.0
2022-04-16,4.1,0.0,0.0
2022-04-17,4.7,0.0,0.0
2022-04-18,6.8,0.0,0.0
2022-04-19,5.0,1.5,6.0
2022-04-20,2.6,12.7,12.0
2022-04-21,1.8,0.2,1.0
2022-04-22,1.4,1.6,7.0
2022-04-23,4.1,0.0,0.0
2022-04-24,1.3,28.5,18.0
2022-04-25,0.0,8.3,12.0
2022-04-26,2.3,31.4,16.0
2022-04-27,0.2,9.0,7.0
2022-04-28,3.1,0.0,0.0
2022-04-29,5.7,1.0,2.0
2022-04-30,3.6,2.3,2.0
2022-05-01,5.0,0.0,0.0
2022-05-02,7.7,0.0,0.0
2022-05-03,6.1,3.7,4.0
2022-05-04,4.6,34.7,21.0
2022-05-05,2.2,4.3,9.0
2022-05-06,4.0,4.0,7.0
2022-05-07,4.4,0.7,4.0
2022-05-08,6.5,0.0,0.0
2022-05-09,7.8,0.0,0.0
2022-05-10,4.2,15.3,5.0
2022-05-11,4.0,8.1,16.0
2022-05-12,4.0,4.8,9.0
2022-05-13,3.7,5.8,12.0
2022-05-14,1.9,29.5,21.0
2022-05-15,2.4,4.6,8.0
2022-05-16,4.1,1.6,5.0
2022-05-17,4.1,0.6,3.0
2022-05-18,4.3,7.3,12.0
2022-05-19,4.4,1.2,3.0
2022-05-20,5.0,20.4,17.0
2022-05-21,4.4,1.3,7.0
2022-05-22,0.1,18.1,24.0
2022-05-23,0.1,8.3,15.0
2022-05-24,2.2,0.0,0.0
2022-05-25,7.5,0.0,0.0
2022-05-26,7.8,0.2,2.0
2022-05-27,7.5,6.7,18.0
2022-05-28,2.3,8.8,16.0
2022-05-29,2.3,3.0,7.0
2022-05-30,2.3,3.1,10.0
2022-05-31,3.8,0.0,0.0
2022-06-01,6.0,0.2,2.0
2022-06-02,6.2,1.1,4.0
2022-06-03,4.9,11.3,17.0
2022-06-04,2.4,4.7,7.0
2022-06-05,6.0,1.0,4.0
2022-06-06,6.6,0.1,1.0
2022-06-07,8.0,1.4,5.0
2022-06-08,9.4,2.2,4.0
2022-06-09,8.3,0.8,6.0
2022-06-10,9.4,0.7,2.0
2022-06-11,9.4,1.6,3.0
2022-06-12,8.7,3.7,10.0
2022-06-13,6.7,6.6,10.0
2022-06-14,8.8,2.3,4.0
2022-06-15,8.0,19.6,19.0
2022-06-16,6.6,8.3,8.0
2022-06-17,7.3,6.4,10.0
2022-06-18,5.3,3.9,9.0
2022-06-19,7.3,2.5,6.0
2022-06-20,6.5,13.5,23.0
2022-06-21,5.9,3.1,9.0
2022-06-22,10.2,0.8,4.0
2022-06-23,9.8,2.1,7.0
2022-06-24,9.8,6.0,9.0
2022-06-25,10.3,1.4,8.0
2022-06-26,12.3,0.0,0.0
2022-06-27,12.8,2.5,7.0
2022-06-28,12.2,3.2,6.0
2022-06-29,13.1,0.4,3.0
2022-06-30,13.9,0.9,7.0
2022-07-01,12.3,0.4,3.0
2022-07-02,12.0,0.0,0.0
2022-07-03,14.1,0.0,0.0
2022-07-04,14.9,1.2,5.0
2022-07-05,9.9,0.0,0.0
2022-07-06,11.5,1.0,6.0
2022-07-07,9.5,0.9,6.0
2022-07-08,11.2,2.4,6.0
2022-07-09,10.4,2.9,4.0
2022-07-10,10.0,6.4,15.0
2022-07-11,7.3,22.2,21.0
2022-07-12,7.6,3.7,16.0
2022-07-13,6.6,1.3,7.0
2022-07-14,8.5,1.1,4.0
2022-07-15,11.0,0.3,2.0
2022-07-16,12.1,0.0,0.0
2022-07-17,12.4,0.0,0.0
2022-07-18,13.9,0.0,0.0
2022-07-19,13.1,0.0,0.0
2022-07-20,14.5,0.0,0.0
2022-07-21,15.4,0.0,0.0
2022-07-22,15.4,0.0,0.0
2022-07-23,17.3,0.0,0.0
2022-07-24,16.0,0.0,0.0
2022-07-25,15.1,0.0,0.0
2022-07-26,16.7,0.0,0.0
2022-07-27,15.9,0.0,0.0
2022-07-28,14.7,1.9,8.0
2022-07-29,11.3,4.6,14.0
2022-07-30,10.1,16.9,23.0
2022-07-31,9.5,6.0,12.0
2022-08-01,9.8,0.7,4.0
2022-08-02,10.4,5.6,11.0
2022-08-03,10.3,3.8,6.0
2022-08-04,10.1,0.9,5.0
2022-08-05,11.1,0.6,3.0
2022-08-06,11.4,0.2,2.0
2022-08-07,12.0,0.9,4.0
2022-08-08,11.4,2.7,7.0
2022-08-09,12.1,0.5,4.0
2022-08-10,10.1,2.7,8.0
2022-08-11,10.9,0.2,2.0
2022-08-12,9.9,2.8,7.0
2022-08-13,11.5,1.6,5.0
2022-08-14,14.7,1.3,6.0
2022-08-15,14.3,3.8,5.0
2022-08-16,11.1,1.0,8.0
2022-08-17,11.4,0.3,1.0
2022-08-18,12.0,0.9,4.0
2022-08-19,11.1,0.0,0.0
2022-08-20,8.8,0.0,0.0
2022-08-21,7.8,3.4,5.0
2022-08-22,10.5,0.5,3.0
2022-08-23,9.4,2.6,6.0
2022-08-24,9.4,5.9,18.0
2022-08-25,7.1,2.1,13.0
2022-08-26,5.4,0.2,2.0
2022-08-27,9.4,0.0,0.0
2022-08-28,8.2,3.2,3.0
2022-08-29,7.6,0.2,2.0
2022-08-30,7.9,1.7,3.0
2022-08-31,7.6,0.4,2.0
2022-09-01,8.5,0.1,1.0
2022-09-02,9.8,0.0,0.0
2022-09-03,10.4,0.7,5.0
2022-09-04,10.9,0.9,3.0
2022-09-05,10.9,0.4,3.0
2022-09-06,11.3,1.0,4.0
2022-09-07,12.2,0.0,0.0
2022-09-08,11.3,0.8,4.0
2022-09-09,11.0,0.7,3.0
2022-09-10,11.9,0.0,0.0
2022-09-11,7.8,4.2,10.0
2022-09-12,5.0,5.5,11.0
2022-09-13,7.6,0.0,0.0
2022-09-14,8.1,0.0,0.0
2022-09-15,9.3,0.0,0.0
2022-09-16,7.8,0.7,4.0
2022-09-17,8.1,0.1,1.0
2022-09-18,6.5,1.9,2.0
2022-09-19,8.0,0.7,3.0
2022-09-20,9.1,0.0,0.0
2022-09-21,6.2,3.8,6.0
2022-09-22,7.3,1.4,6.0
2022-09-23,7.7,0.2,2.0
2022-09-24,7.3,0.6,4.0
2022-09-25,7.0,0.1,1.0
2022-09-26,8.1,0.0,0.0
2022-09-27,7.7,0.2,2.0
2022-09-28,5.8,1.1,6.0
2022-09-29,7.0,0.2,2.0
2022-09-30,4.6,4.0,12.0
2022-10-01,0.3,5.1,9.0
2022-10-02,1.8,2.3,6.0
2022-10-03,1.9,6.9,12.0
2022-10-04,0.3,3.7,8.0
2022-10-05,-2.0,1.2,5.0
2022-10-06,-0.0,0.1,1.0
2022-10-07,-1.0,1.6,8.0
2022-10-08,1.8,0.0,0.0
2022-10-09,2.5,0.0,0.0
2022-10-10,1.3,0.2,1.0
2022-10-11,2.1,0.0,0.0
2022-10-12,3.1,0.0,0.0
2022-10-13,2.5,0.3,2.0
2022-10-14,3.2,0.0,0.0
2022-10-15,3.9,0.0,0.0
2022-10-16,5.5,0.0,0.0
2022-10-17,3.1,11.0,15.0
2022-10-18,-0.8,35.7,23.0
2022-10-19,-4.2,19.3,16.0
2022-10-20,-3.9,0.0,0.0
2022-10-21,-4.6,0.0,0.0
2022-10-22,-0.3,0.0,0.0
2022-10-23,-1.2,4.4,13.0
2022-10-24,-0.4,16.7,23.0
2022-10-25,0.2,11.9,10.0
2022-10-26,-4.2,3.0,12.0
2022-10-27,-5.5,0.0,0.0
2022-10-28,-1.7,2.5,11.0
2022-10-29,-2.5,0.8,3.0
2022-10-30,-1.6,23.7,20.0
2022-10-31,-6.0,1.0,6.0
2022-11-01,-5.6,0.0,0.0
2022-11-02,-3.9,3.2,7.0
2022-11-03,-0.7,4.4,10.0
2022-11-04,-2.1,11.6,22.0
2022-11-05,-3.1,0.4,3.0
2022-11-06,-4.2,6.6,11.0
2022-11-07,-3.2,2.8,7.0
2022-11-08,-8.3,9.7,22.0
2022-11-09,-11.8,0.0,0.0
2022-11-10,-8.2,0.0,0.0
2022-11-11,-9.2,0.3,3.0
2022-11-12,-10.8,0.0,0.0
2022-11-13,-9.0,0.1,1.0
2022-11-14,-8.8,0.0,0.0
2022-11-15,-6.6,1.5,12.0
2022-11-16,-8.2,26.5,16.0
2022-11-17,-7.9,0.0,0.0
2022-11-18,-4.9,3.6,10.0
2022-11-19,-5.0,16.6,21.0
2022-11-20,-7.3,0.0,0.0
2022-11-21,-6.7,3.6,10.0
2022-11-22,-5.2,11.0,22.0
2022-11-23,-4.3,1.4,5.0
2022-11-24,-2.6,0.0,0.0
2022-11-25,-2.1,0.0,0.0
2022-11-26,-5.3,0.0,0.0
2022-11-27,-7.7,0.0,0.0
2022-11-28,-6.0,9.3,16.0
2022-11-29,-8.3,4.7,11.0
2022-11-30,-7.0,11.6,12.0
2022-12-01,-8.8,16.5,23.0
2022-12-02,-9.1,1.8,14.0
2022-12-03,-8.4,1.2,9.0
2022-12-04,-10.1,4.6,15.0
2022-12-05,-10.8,3.3,20.0
2022-12-06,-9.5,0.8,8.0
2022-12-07,-9.4,6.4,24.0
2022-12-08,-11.5,1.7,12.0
2022-12-09,-13.1,4.3,20.0
2022-12-10,-15.3,0.0,0.0
2022-12-11,-12.9,0.0,0.0
2022-12-12,-13.0,0.0,0.0
2022-12-13,-12.4,0.0,0.0
2022-12-14,-7.2,0.0,0.0
2022-12-15,-10.9,0.1,1.0
2022-12-16,-11.2,0.0,0.0
2022-12-17,-7.9,0.0,0.0
2022-12-18,-11.7,0.0,0.0
2022-12-19,-13.0,0.0,0.0
2022-12-20,-11.0,0.3,3.0
2022-12-21,-11.0,0.8,5.0
2022-12-22,-10.0,0.5,5.0
2022-12-23,-14.1,0.0,0.0
2022-12-24,-14.9,0.0,0.0
2022-12-25,-11.7,0.0,0.0
2022-12-26,-14.5,0.0,0.0
2022-12-27,-13.2,0.0,0.0
2022-12-28,-10.6,0.0,0.0
2022-12-29,-9.2,2.2,13.0
2022-12-30,-11.2,1.5,7.0
2022-12-31,-12.1,7.2,19.0
2023-01-01,-14.0,0.0,0.0
2023-01-02,-12.4,0.0,0.0
2023-01-03,-11.4,30.1,19.0
2023-01-04,-12.0,9.1,11.0
2023-01-05,-9.7,0.0,0.0
2023-01-06,-8.9,0.3,2.0
2023-01-07,-9.0,0.5,4.0
2023-01-08,-6.3,1.8,6.0
2023-01-09,-11.2,0.3,3.0
2023-01-10,-13.8,6.8,21.0
2023-01-11,-23.4,1.8,11.0
2023-01-12,-26.8,0.0,0.0
2023-01-13,-23.0,0.0,0.0
2023-01-14,-24.3,0.0,0.0
2023-01-15,-22.7,0.0,0.0
2023-01-16,-22.1,0.0,0.0
2023-01-17,-20.2,0.0,0.0
2023-01-18,-16.5,0.0,0.0
2023-01-19,-18.3,0.0,0.0
2023-01-20,-18.7,0.0,0.0
2023-01-21,-19.4,0.0,0.0
2023-01-22,-17.1,0.0,0.0
2023-01-23,-18.7,0.0,0.0
2023-01-24,-16.6,0.0,0.0
2023-01-25,-16.8,0.1,1.0
2023-01-26,-16.0,0.0,0.0
2023-01-27,-15.5,0.0,0.0
2023-01-28,-12.1,0.0,0.0
2023-01-29,-10.0,0.0,0.0
2023-01-30,-8.3,3.0,6.0
2023-01-31,-8.0,0.5,4.0
2023-02-01,-6.4,0.9,6.0
2023-02-02,-5.5,3.4,11.0
2023-02-03,-5.4,6.5,14.0
2023-02-04,-9.5,1.0,5.0
2023-02-05,-7.2,0.6,6.0
2023-02-06,-8.6,4.1,20.0
2023-02-07,-12.0,0.0,0.0
2023-02-08,-8.0,0.2,2.0
2023-02-09,-8.3,18.2,19.0
2023-02-10,-14.0,6.8,24.0
2023-02-11,-16.2,0.2,2.0
2023-02-12,-14.8,0.0,0.0
2023-02-13,-9.3,4.2,19.0
2023-02-14,-7.0,6.0,18.0
2023-02-15,-4.5,24.0,24.0
2023-02-16,-3.2,29.1,24.0
2023-02-17,-4.2,10.9,24.0
2023-02-18,-7.0,1.4,10.0
2023-02-19,-6.5,0.3,2.0
2023-02-20,-7.9,0.0,0.0
2023-02-21,-8.7,0.0,0.0
2023-02-22,-6.1,0.0,0.0
2023-02-23,-6.4,0.0,0.0
2023-02-24,-4.2,0.7,3.0
2023-02-25,-6.9,9.2,22.0
2023-02-26,-8.0,0.0,0.0
2023-02-27,-7.5,0.0,0.0
2023-02-28,-9.1,0.0,0.0
2023-03-01,-7.8,0.0,0.0
2023-03-02,-5.6,0.0,0.0
2023-03-03,-6.3,0.0,0.0
2023-03-04,-4.9,0.0,0.0
2023-03-05,-2.9,0.0,0.0
2023-03-06,-3.8,4.5,9.0
2023-03-07,-2.6,0.0,0.0
2023-03-08,-0.8,0.0,0.0
2023-03-09,-1.4,2.6,10.0
2023-03-10,1.3,0.6,1.0
2023-03-11,-0.3,0.0,0.0
2023-03-12,-0.8,8.6,8.0
2023-03-13,-1.8,0.0,0.0
2023-03-14,-0.9,0.0,0.0
2023-03-15,-2.0,10.8,14.0
2023-03-16,-3.5,0.1,1.0
2023-03-17,-0.8,0.0,0.0
2023-03-18,-3.6,4.7,9.0
2023-03-19,-3.3,3.0,8.0
2023-03-20,-2.7,4.1,8.0
2023-03-21,-3.8,2.5,5.0
2023-03-22,-4.3,1.4,4.0
2023-03-23,-3.4,0.0,0.0
2023-03-24,-2.8,0.0,0.0
2023-03-25,-1.6,0.2,2.0
2023-03-26,-3.2,0.0,0.0
2023-03-27,-1.6,0.0,0.0
2023-03-28,0.2,0.0,0.0
2023-03-29,1.6,0.0,0.0
2023-03-30,0.2,0.5,4.0
2023-03-31,-0.3,1.5,6.0
2023-04-01,1.1,0.2,1.0
2023-04-02,-0.4,1.0,7.0
2023-04-03,0.3,0.0,0.0
2023-04-04,-2.1,0.0,0.0
2023-04-05,-2.4,0.0,0.0
2023-04-06,-2.7,2.3,6.0
2023-04-07,-0.9,14.5,21.0
2023-04-08,-0.6,22.5,24.0
2023-04-09,-0.1,8.9,18.0
2023-04-10,-1.3,25.3,24.0
2023-04-11,-1.8,22.6,21.0
2023-04-12,-1.8,6.4,9.0
2023-04-13,2.4,0.0,0.0
2023-04-14,4.9,0.0,0.0
2023-04-15,2.1,20.6,15.0
2023-04-16,0.5,7.6,10.0
2023-04-17,-2.1,21.6,23.0
2023-04-18,-4.2,0.0,0.0
2023-04-19,-2.7,0.0,0.0
2023-04-20,-3.5,1.0,5.0
2023-04-21,-2.0,0.1,1.0
2023-04-22,-0.9,0.0,0.0
2023-04-23,1.4,0.0,0.0
2023-04-24,1.8,6.2,8.0
2023-04-25,3.1,10.7,15.0
2023-04-26,-0.1,2.8,6.0
2023-04-27,2.5,0.0,0.0
2023-04-28,1.6,0.0,0.0
2023-04-29,3.5,2.4,5.0
2023-04-30,2.3,5.6,12.0
2023-05-01,1.9,15.8,17.0
2023-05-02,0.1,32.9,13.0
2023-05-03,0.9,0.1,1.0
2023-05-04,-1.0,2.8,9.0
2023-05-05,-0.8,0.0,0.0
2023-05-06,0.6,0.1,1.0
2023-05-07,-1.4,6.9,9.0
2023-05-08,0.9,1.6,5.0
2023-05-09,2.6,0.0,0.0
2023-05-10,3.6,0.0,0.0
2023-05-11,5.9,0.0,0.0
2023-05-12,4.2,7.8,10.0
2023-05-13,3.6,11.3,12.0
2023-05-14,2.7,1.2,4.0
2023-05-15,5.5,0.0,0.0
2023-05-16,5.7,1.0,3.0
2023-05-17,6.2,3.6,7.0
2023-05-18,3.3,2.4,10.0
2023-05-19,4.2,15.3,12.0
2023-05-20,2.5,41.0,23.0
2023-05-21,5.6,2.3,5.0
2023-05-22,7.1,1.0,5.0
2023-05-23,3.5,16.9,19.0
2023-05-24,2.0,9.1,11.0
2023-05-25,2.3,0.7,5.0
2023-05-26,0.7,2.5,9.0
2023-05-27,2.3,4.3,11.0
2023-05-28,4.1,0.3,2.0
2023-05-29,4.0,0.4,1.0
2023-05-30,6.0,0.5,3.0
2023-05-31,5.0,2.1,6.0
2023-06-01,3.4,11.2,19.0
2023-06-02,3.3,1.8,6.0
2023-06-03,4.6,2.0,7.0
2023-06-04,4.9,1.3,4.0
2023-06-05,5.5,0.4,2.0
2023-06-06,5.9,0.4,2.0
2023-06-07,6.2,0.5,1.0
2023-06-08,7.9,0.0,0.0
2023-06-09,10.6,0.0,0.0
2023-06-10,8.4,1.0,2.0
2023-06-11,6.7,0.0,0.0
2023-06-12,7.5,12.1,9.0
2023-06-13,6.7,8.9,9.0
2023-06-14,6.8,13.4,14.0
2023-06-15,8.3,2.4,6.0
2023-06-16,10.4,0.1,1.0
2023-06-17,9.1,0.0,0.0
2023-06-18,9.4,11.9,8.0
2023-06-19,9.3,8.8,11.0
2023-06-20,9.5,8.1,11.0
2023-06-21,8.9,12.4,14.0
2023-06-22,9.8,32.6,21.0
2023-06-23,10.3,1.2,6.0
2023-06-24,9.5,0.0,0.0
2023-06-25,9.8,18.5,18.0
2023-06-26,9.9,0.5,4.0
2023-06-27,10.9,3.4,11.0
2023-06-28,9.7,5.3,14.0
2023-06-29,7.3,9.9,8.0
2023-06-30,8.8,2.7,9.0
2023-07-01,9.9,0.0,0.0
2023-07-02,10.8,7.1,7.0
2023-07-03,9.9,1.9,8.0
2023-07-04,8.2,13.9,15.0
2023-07-05,8.1,7.7,15.0
2023-07-06,7.6,14.7,15.0
2023-07-07,6.9,3.0,12.0
2023-07-08,6.6,4.2,8.0
2023-07-09,8.7,0.2,1.0
2023-07-10,7.3,8.8,5.0
2023-07-11,11.0,0.2,2.0
2023-07-12,14.0,0.0,0.0
2023-07-13,14.8,0.2,2.0
2023-07-14,14.2,0.0,0.0
2023-07-15,14.4,0.5,2.0
2023-07-16,13.2,2.2,7.0
2023-07-17,12.9,0.3,3.0
2023-07-18,14.0,0.1,1.0
2023-07-19,14.5,14.3,14.0
2023-07-20,12.9,5.5,11.0
2023-07-21,10.8,15.7,8.0
2023-07-22,13.7,0.5,3.0
2023-07-23,13.3,0.4,4.0
2023-07-24,12.5,3.0,3.0
2023-07-25,14.1,0.1,1.0
2023-07-26,14.8,0.0,0.0
2023-07-27,14.5,0.7,5.0
2023-07-28,12.5,1.1,4.0
2023-07-29,11.2,1.2,6.0
2023-07-30,12.0,1.2,5.0
2023-07-31,12.0,0.3,2.0
2023-08-01,13.1,4.9,6.0
2023-08-02,10.8,2.0,7.0
2023-08-03,13.2,0.0,0.0
2023-08-04,13.8,0.1,1.0
2023-08-05,13.5,1.4,5.0
2023-08-06,11.1,6.1,14.0
2023-08-07,8.0,7.8,18.0
2023-08-08,9.9,9.0,10.0
2023-08-09,11.2,0.1,1.0
2023-08-10,12.6,1.8,8.0
2023-08-11,11.0,11.6,17.0
2023-08-12,8.4,10.7,16.0
2023-08-13,9.2,0.1,1.0
2023-08-14,7.0,0.7,3.0
2023-08-15,6.2,0.0,0.0
2023-08-16,8.4,0.0,0.0
2023-08-17,10.4,2.5,5.0
2023-08-18,9.4,0.5,4.0
2023-08-19,11.2,0.0,0.0
2023-08-20,12.1,0.0,0.0
2023-08-21,13.5,0.1,1.0
2023-08-22,11.8,0.5,4.0
2023-08-23,11.2,1.3,6.0
2023-08-24,9.3,2.3,7.0
2023-08-25,9.4,6.3,10.0
2023-08-26,9.8,0.5,5.0
2023-08-27,6.0,18.5,21.0
2023-08-28,2.1,5.2,6.0
2023-08-29,8.5,0.0,0.0
2023-08-30,10.3,7.0,9.0
2023-08-31,8.6,0.5,4.0
2023-09-01,8.8,0.8,7.0
2023-09-02,8.4,1.3,5.0
2023-09-03,8.5,7.1,16.0
2023-09-04,4.3,4.8,11.0
2023-09-05,5.4,0.1,1.0
2023-09-06,7.4,0.6,3.0
2023-09-07,8.5,0.1,1.0
2023-09-08,7.6,0.1,1.0
2023-09-09,8.3,1.8,3.0
2023-09-10,10.8,0.1,1.0
2023-09-11,10.4,1.1,5.0
2023-09-12,8.7,5.0,10.0
2023-09-13,7.6,0.1,1.0
2023-09-14,8.4,0.0,0.0
2023-09-15,8.6,0.5,4.0
2023-09-16,6.5,25.1,16.0
2023-09-17,7.0,10.1,10.0
2023-09-18,4.9,6.9,8.0
2023-09-19,7.6,5.0,13.0
2023-09-20,1.5,6.8,8.0
2023-09-21,3.2,17.9,16.0
2023-09-22,-4.5,6.5,7.0
2023-09-23,-4.1,0.0,0.0
2023-09-24,-0.8,0.0,0.0
2023-09-25,0.6,0.0,0.0
2023-09-26,1.6,1.3,1.0
2023-09-27,3.6,5.2,11.0
2023-09-28,2.7,14.4,21.0
2023-09-29,1.4,8.2,16.0
2023-09-30,-0.1,2.0,7.0
2023-10-01,2.2,0.1,1.0
2023-10-02,2.3,0.2,2.0
2023-10-03,2.8,0.4,4.0
2023-10-04,3.5,2.6,9.0
2023-10-05,4.1,1.2,9.0
2023-10-06,4.3,10.8,19.0
2023-10-07,1.4,1.1,8.0
2023-10-08,1.3,3.8,6.0
2023-10-09,3.2,0.4,3.0
2023-10-10,4.6,0.1,1.0
2023-10-11,5.0,0.0,0.0
2023-10-12,4.6,0.6,3.0
2023-10-13,-3.9,8.2,12.0
2023-10-14,-2.2,0.0,0.0
2023-10-15,-0.0,0.0,0.0
2023-10-16,1.6,0.0,0.0
2023-10-17,3.0,0.1,1.0
2023-10-18,1.6,0.0,0.0
2023-10-19,1.6,0.0,0.0
2023-10-20,2.3,0.3,3.0
2023-10-21,1.9,0.2,2.0
2023-10-22,0.4,1.6,3.0
2023-10-23,-0.7,17.3,17.0
2023-10-24,-4.7,0.0,0.0
2023-10-25,-3.9,0.0,0.0
2023-10-26,-1.8,4.6,11.0
2023-10-27,-1.3,3.0,12.0
2023-10-28,0.0,4.4,13.0
2023-10-29,-1.3,0.1,1.0
2023-10-30,-0.5,4.9,4.0
2023-10-31,-6.6,22.6,11.0
2023-11-01,-4.8,0.0,0.0
2023-11-02,-10.2,0.0,0.0
2023-11-03,-6.3,0.0,0.0
2023-11-04,-4.7,0.0,0.0
2023-11-05,-5.4,0.0,0.0
2023-11-06,-2.7,0.0,0.0
2023-11-07,-0.6,0.8,5.0
2023-11-08,0.3,7.4,13.0
2023-11-09,-5.8,6.1,21.0
2023-11-10,-12.1,0.0,0.0
2023-11-11,-3.4,0.0,0.0
2023-11-12,-4.2,0.7,7.0
2023-11-13,-11.7,0.0,0.0
2023-11-14,-9.6,0.0,0.0
2023-11-15,-7.0,0.0,0.0
2023-11-16,-6.6,0.0,0.0
2023-11-17,-3.2,0.0,0.0
2023-11-18,-0.8,0.4,4.0
2023-11-19,-2.4,8.4,12.0
2023-11-20,-7.1,0.0,0.0
2023-11-21,-5.2,0.0,0.0
2023-11-22,-0.5,16.4,12.0
2023-11-23,-13.1,2.4,4.0
2023-11-24,-5.9,0.0,0.0
2023-11-25,-6.3,0.0,0.0
2023-11-26,-3.0,0.0,0.0
2023-11-27,-5.8,0.0,0.0
2023-11-28,-5.9,0.0,0.0
2023-11-29,-5.6,0.0,0.0
2023-11-30,-8.9,0.0,0.0
2023-12-01,-10.9,0.0,0.0
2023-12-02,-8.2,0.0,0.0
2023-12-03,-8.4,0.0,0.0
2023-12-04,-8.4,0.0,0.0
2023-12-05,-7.3,0.0,0.0
2023-12-06,-3.8,0.0,0.0
2023-12-07,-5.7,0.0,0.0
2023-12-08,-5.1,28.9,18.0
2023-12-09,-9.1,20.9,20.0
2023-12-10,-7.8,1.7,5.0
2023-12-11,-7.2,36.3,22.0
2023-12-12,-15.3,20.0,20.0
2023-12-13,-25.6,0.0,0.0
2023-12-14,-10.0,0.2,2.0
2023-12-15,-10.3,0.4,4.0
2023-12-16,-7.6,2.7,18.0
2023-12-17,-12.2,0.1,1.0
2023-12-18,-10.4,0.0,0.0
2023-12-19,-6.1,4.0,15.0
2023-12-20,-12.5,0.2,2.0
2023-12-21,-11.5,0.0,0.0
2023-12-22,-8.1,0.0,0.0
2023-12-23,-8.2,0.0,0.0
2023-12-24,-6.3,0.0,0.0
2023-12-25,-6.4,0.0,0.0
2023-12-26,-7.1,3.6,11.0
2023-12-27,-6.8,24.2,16.0
2023-12-28,-8.3,0.0,0.0
2023-12-29,-8.4,13.1,19.0
2023-12-30,-15.3,0.2,1.0
2023-12-31,-15.3,0.0,0.0
2024-01-01,-11.4,0.0,0.0
2024-01-02,-11.1,0.0,0.0
2024-01-03,-9.8,0.1,1.0
2024-01-04,-7.9,0.0,0.0
2024-01-05,-7.1,0.8,5.0
2024-01-06,-6.7,1.1,6.0
2024-01-07,-8.2,0.7,2.0
2024-01-08,-10.8,0.0,0.0
2024-01-09,-5.3,2.4,10.0
2024-01-10,-4.9,0.1,1.0
2024-01-11,-6.1,25.2,18.0
2024-01-12,-4.2,0.1,1.0
2024-01-13,-6.4,3.2,9.0
2024-01-14,-5.4,6.2,13.0
2024-01-15,-5.2,23.1,24.0
2024-01-16,-6.2,15.0,24.0
2024-01-17,-12.9,1.0,6.0
2024-01-18,-12.4,0.0,0.0
2024-01-19,-7.8,4.0,14.0
2024-01-20,-8.9,1.5,6.0
2024-01-21,-10.3,0.0,0.0
2024-01-22,-11.3,0.0,0.0
2024-01-23,-13.1,0.0,0.0
2024-01-24,-7.9,0.0,0.0
2024-01-25,-9.5,2.8,11.0
2024-01-26,-11.9,2.9,8.0
2024-01-27,-7.1,0.8,7.0
2024-01-28,-6.1,6.8,8.0
2024-01-29,-7.1,14.7,21.0
2024-01-30,-10.7,9.5,24.0
2024-01-31,-20.1,1.4,8.0
2024-02-01,-15.9,0.3,3.0
2024-02-02,-18.6,0.0,0.0
2024-02-03,-10.1,2.5,11.0
2024-02-04,-15.7,0.9,7.0
2024-02-05,-14.1,0.0,0.0
2024-02-06,-13.5,0.0,0.0
2024-02-07,-7.5,1.8,5.0
2024-02-08,-13.1,1.8,6.0
2024-02-09,-11.5,0.0,0.0
2024-02-10,-8.6,0.0,0.0
2024-02-11,-5.4,0.0,0.0
2024-02-12,-7.0,5.0,17.0
2024-02-13,-10.7,0.0,0.0
2024-02-14,-6.7,0.0,0.0
2024-02-15,-2.5,5.5,9.0
2024-02-16,-6.9,56.0,19.0
2024-02-17,-8.1,2.6,18.0
2024-02-18,-7.0,13.7,24.0
2024-02-19,-12.4,3.7,17.0
2024-02-20,-17.9,2.5,10.0
2024-02-21,-14.9,1.0,7.0
2024-02-22,-12.6,2.0,14.0
2024-02-23,-10.9,6.6,24.0
2024-02-24,-11.2,16.2,24.0
2024-02-25,-10.4,3.6,24.0
2024-02-26,-8.0,2.8,21.0
2024-02-27,-11.0,0.8,7.0
2024-02-28,-7.5,0.6,5.0
2024-02-29,-6.4,0.0,0.0
2024-03-01,-7.2,0.3,3.0
2024-03-02,-13.0,6.2,20.0
2024-03-03,-16.7,2.3,9.0
2024-03-04,-14.4,0.0,0.0
2024-03-05,-10.1,0.0,0.0
2024-03-06,-8.6,0.0,0.0
2024-03-07,-7.0,1.3,9.0
2024-03-08,-10.4,0.1,1.0
2024-03-09,-3.7,0.3,1.0
2024-03-10,-5.1,2.7,11.0
2024-03-11,-4.0,1.7,8.0
2024-03-12,-2.7,7.4,15.0
2024-03-13,-13.2,3.3,11.0
2024-03-14,-11.1,17.3,17.0
2024-03-15,-11.4,0.0,0.0
2024-03-16,-12.5,0.0,0.0
2024-03-17,-8.4,0.0,0.0
2024-03-18,-2.8,0.0,0.0
2024-03-19,1.1,1.0,3.0
2024-03-20,3.6,1.6,2.0
2024-03-21,-2.7,18.8,21.0
2024-03-22,-4.2,9.7,17.0
2024-03-23,-1.0,0.4,4.0
2024-03-24,-4.5,1.9,6.0
2024-03-25,-2.3,0.0,0.0
2024-03-26,1.5,0.0,0.0
2024-03-27,1.8,1.1,4.0
2024-03-28,1.6,8.2,6.0
2024-03-29,-0.4,4.3,17.0
2024-03-30,-6.5,7.0,18.0
2024-03-31,-10.5,2.7,6.0
2024-04-01,-5.6,0.0,0.0
2024-04-02,-4.2,1.0,3.0
2024-04-03,-4.0,2.0,7.0
2024-04-04,-2.5,0.6,2.0
2024-04-05,-3.6,0.7,3.0
2024-04-06,-2.4,14.8,14.0
2024-04-07,-6.2,0.3,3.0
2024-04-08,-1.7,0.0,0.0
2024-04-09,-1.3,20.8,10.0
2024-04-10,-1.8,0.0,0.0
2024-04-11,0.7,0.0,0.0
2024-04-12,2.7,3.6,9.0
2024-04-13,2.7,17.7,13.0
2024-04-14,1.2,0.0,0.0
2024-04-15,1.8,21.2,16.0
2024-04-16,-1.5,14.3,15.0
2024-04-17,-3.3,0.1,1.0
2024-04-18,2.4,0.0,0.0
2024-04-19,3.9,0.0,0.0
2024-04-20,3.5,0.1,1.0
2024-04-21,2.6,0.3,2.0
2024-04-22,2.6,7.5,17.0
2024-04-23,2.5,4.0,17.0
2024-04-24,1.9,16.7,14.0
2024-04-25,2.3,28.5,19.0
2024-04-26,-0.5,6.0,16.0
2024-04-27,-0.4,10.4,23.0
2024-04-28,-0.1,4.2,19.0
2024-04-29,0.2,0.7,2.0
2024-04-30,-1.2,11.4,22.0
2024-05-01,-2.4,7.3,15.0
2024-05-02,0.6,0.0,0.0
2024-05-03,3.6,1.8,10.0
2024-05-04,5.0,0.2,1.0
2024-05-05,2.5,8.4,11.0
2024-05-06,1.6,1.7,2.0
2024-05-07,2.5,0.0,0.0
2024-05-08,7.6,0.0,0.0
2024-05-09,7.7,0.0,0.0
2024-05-10,6.8,2.7,11.0
2024-05-11,1.9,7.5,17.0
2024-05-12,1.7,8.3,15.0
2024-05-13,3.2,0.0,0.0
2024-05-14,5.7,0.0,0.0
2024-05-15,8.4,0.0,0.0
2024-05-16,5.6,1.7,6.0
2024-05-17,4.5,1.2,5.0
2024-05-18,2.6,17.4,7.0
2024-05-19,5.0,0.0,0.0
2024-05-20,3.0,0.8,6.0
2024-05-21,3.7,0.0,0.0
2024-05-22,5.4,4.1,5.0
2024-05-23,4.7,7.5,8.0
2024-05-24,6.9,17.3,8.0
2024-05-25,6.1,17.1,18.0
2024-05-26,0.2,7.4,8.0
2024-05-27,6.2,1.7,1.0
2024-05-28,4.3,6.2,12.0
2024-05-29,3.4,10.8,20.0
2024-05-30,2.8,4.5,10.0
2024-05-31,4.8,2.3,6.0
2024-06-01,6.9,0.0,0.0
2024-06-02,7.1,0.5,1.0
2024-06-03,5.7,21.6,21.0
2024-06-04,3.9,3.6,6.0
2024-06-05,6.0,1.8,5.0
2024-06-06,4.6,8.1,14.0
2024-06-07,4.9,3.7,8.0
2024-06-08,7.4,0.7,3.0
2024-06-09,7.5,2.3,7.0
2024-06-10,7.9,5.2,8.0
2024-06-11,9.4,12.3,11.0
2024-06-12,7.8,26.3,16.0
2024-06-13,7.4,6.1,8.0
2024-06-14,7.5,4.7,9.0
2024-06-15,7.4,9.6,9.0
2024-06-16,10.1,6.8,8.0
2024-06-17,8.2,26.8,22.0
2024-06-18,7.0,8.9,9.0
2024-06-19,8.1,6.8,7.0
2024-06-20,9.6,3.9,6.0
2024-06-21,9.2,15.2,15.0
2024-06-22,8.8,5.2,9.0
2024-06-23,9.0,16.6,15.0
2024-06-24,8.1,7.1,9.0
2024-06-25,10.1,5.1,3.0
2024-06-26,11.6,0.7,5.0
2024-06-27,13.4,0.3,1.0
2024-06-28,12.2,13.0,15.0
2024-06-29,11.0,3.7,7.0
2024-06-30,10.2,15.1,15.0
2024-07-01,8.0,54.4,24.0
2024-07-02,5.5,2.9,3.0
2024-07-03,10.4,0.8,2.0
2024-07-04,10.8,0.8,8.0
2024-07-05,7.6,49.6,23.0
2024-07-06,9.1,2.4,11.0
2024-07-07,9.2,12.2,19.0
2024-07-08,7.8,24.2,21.0
2024-07-09,8.2,10.9,10.0
2024-07-10,8.6,15.7,17.0
2024-07-11,8.8,1.5,8.0
2024-07-12,10.8,7.5,11.0
2024-07-13,8.9,11.2,9.0
2024-07-14,8.4,9.5,9.0
2024-07-15,9.6,2.2,7.0
2024-07-16,9.9,3.3,7.0
2024-07-17,10.9,9.6,18.0
2024-07-18,8.8,8.7,13.0
2024-07-19,9.3,2.3,4.0
2024-07-20,11.0,1.6,7.0
2024-07-21,11.4,3.3,9.0
2024-07-22,12.5,1.8,7.0
2024-07-23,10.0,13.0,10.0
2024-07-24,11.1,4.3,8.0
2024-07-25,12.1,0.4,4.0
2024-07-26,13.7,0.4,4.0
2024-07-27,15.5,1.5,5.0
2024-07-28,13.6,0.6,6.0
2024-07-29,15.0,1.7,5.0
2024-07-30,14.8,7.1,6.0
2024-07-31,13.0,3.8,4.0
2024-08-01,15.5,12.9,15.0
2024-08-02,12.0,7.2,7.0
2024-08-03,13.5,0.1,1.0
2024-08-04,12.6,1.9,6.0
2024-08-05,12.2,20.8,16.0
2024-08-06,9.5,9.2,10.0
2024-08-07,10.7,2.0,6.0
2024-08-08,12.6,0.0,0.0
2024-08-09,13.9,0.6,4.0
2024-08-10,10.8,11.1,16.0
2024-08-11,9.6,7.7,13.0
2024-08-12,10.8,0.7,6.0
2024-08-13,13.6,0.3,3.0
2024-08-14,12.6,14.4,9.0
2024-08-15,14.4,0.7,5.0
2024-08-16,13.1,3.6,7.0
2024-08-17,13.0,6.4,11.0
2024-08-18,9.8,6.6,12.0
2024-08-19,8.2,0.4,4.0
2024-08-20,10.4,0.2,2.0
2024-08-21,10.0,0.7,5.0
2024-08-22,8.4,5.6,7.0
2024-08-23,9.4,1.1,7.0
2024-08-24,9.4,4.6,14.0
2024-08-25,10.0,0.4,3.0
2024-08-26,10.0,2.6,7.0
2024-08-27,10.5,2.3,4.0
2024-08-28,8.5,7.3,8.0
2024-08-29,6.3,1.0,8.0
2024-08-30,7.3,0.0,0.0
2024-08-31,10.5,0.7,3.0
2024-09-01,8.6,0.6,5.0
2024-09-02,5.0,0.5,4.0
2024-09-03,6.9,0.0,0.0
2024-09-04,8.8,0.1,1.0
2024-09-05,10.0,0.0,0.0
2024-09-06,7.5,12.9,9.0
2024-09-07,1.3,1.1,3.0
2024-09-08,6.3,26.4,12.0
2024-09-09,0.8,18.7,13.0
2024-09-10,2.3,0.1,1.0
2024-09-11,3.2,0.0,0.0
2024-09-12,7.3,0.0,0.0
2024-09-13,5.9,0.3,3.0
2024-09-14,5.5,2.8,5.0
2024-09-15,5.5,3.0,3.0
2024-09-16,7.5,2.3,4.0
2024-09-17,4.8,4.2,10.0
2024-09-18,5.7,0.2,1.0
2024-09-19,8.0,0.4,2.0
2024-09-20,8.6,0.2,2.0
2024-09-21,9.5,0.8,4.0
2024-09-22,10.1,0.3,2.0
2024-09-23,9.4,0.4,2.0
2024-09-24,8.6,0.0,0.0
2024-09-25,9.9,6.8,6.0
2024-09-26,3.1,54.4,24.0
2024-09-27,-0.5,16.2,12.0
2024-09-28,-2.9,0.0,0.0
2024-09-29,2.3,0.0,0.0
2024-09-30,1.8,1.8,5.0
2024-10-01,2.5,0.1,1.0
